{
	"class_name" : "PinholeCameraTrajectory",
    "parameters" :
    [
        {
			"class_name" : "PinholeCameraParameters",
            "extrinsic" :
            [
                0.99875666779623684,
                -0.015804533047987467,
                0.047279332352442131,
                0,
                0.0042556066034366898,
                0.97198214070610867,
                0.2350161865931947,
                0,
                -0.049668987758906415,
                -0.23452278116103262,
                0.97084090188428929,
                0,
                -2.1888509581876607,
                -1.181867321777915,
                0.94394657256919134,
                1
            ],
            "intrinsic" :
            {
                "height" : 376,
                "intrinsic_matrix" :
                [
                    718.856,
                    0,
                    0,
                    0,
                    718.856,
                    0,
                    607.1928,
                    185.2157,
                    1
                ],
                "width" : 1241
            },
			"version_major" : 1,
			"version_minor" : 0
        }
    ],
	"version_major" : 1,
	"version_minor" : 0
}